,Tên sản phẩm,Giá gốc,Giá sale,Số lượng
0,( VIDEO THẬT ) ÁO GIÓ 2 MẶT 2 LỚP - THOÁNG MÁT THÍCH HỢP CHO NAM NỮ,199.000,0,"16,2k"
1,"Mũ lưỡi trai ❤️ Nón kết thêu chữ LA, Memorie, Brooklyn, Newyork Ulzzang form unisex nam nữ N01 - Happy Style",42.000,0,"105,9k"
2,Áo thun Unisex N7 Basic Tee phông trơn nam nữ tay lỡ oversize form rộng 12 màu,145.000,109.000,"201,7k"
3,Quần Đùi Nam FASVIN Vải Gió Đẹp Hàng Nhà Máy Chất Lượng Cao Thể Thao Hay Mặc Nhà Q21475.HN,158.000,85.000,"56,5k"
4,"Áo thun nam cổ tròn in POLOMANOR vải cotton Cosi 100% cao cấp, nam tính, trẻ trung, thanh lịch",220.000,0,"95,3k"
5,Áo thun nam POLO trơn vải cá sấu cotton cao cấp ngắn tay cực sang trọng,198.000,99.000,"182,8k"
6,Quần sịp nam boxer đùi chất vải cotton thấm hút vượt trội DAS01A,110.000,55.900,"44,9k"
7,"Áo Thun Nam, Áo Polo Nam Có Cổ Vải Cá Sấu Côtton Cao Cấp.Chất Lượng A799 , mẫu mới 2022.Bo Co Det Vien",170.000,92.000,"66,1k"
8,"Quần Đùi Nam GUZADO Thể Thao Chất Vải Gió Chun Mềm Mại,Co Giãn Vận Động Thoải Mái GSR01",170.000,85.000,"99,2k"
9,Hộp 4 quần lót nam thông hơi - quần sịp nam tam giác đùi nhật bản - có size lớn MLQ01,63.000,0,33k
10,Quần Jogger Nam Kaki Túi Hộp Thiết Kế Lưng Thun Cao Cấp 4 Màu Đen Ghi Than Rêu,350.000,235.000,"9,5k"
11,"Áo Thun Nam CỔ TRÒN Cao Cấp ( nhiều màu) Tay Ngắn, chất cotton bề mặt vải mềm",99.000,49.500,"83,1k"
12,"Quần jogger nam kaki, Quần kaki Nam jogger Cao Cấp Chuẩn Hàng Xuất - QJKN01",125.000,0,"23,6k"
13,Áo thun nam Cotton Compact phiên bản Premium chống nhăn Coolmate,259.000,199.000,"45,1k"
14,Bộ ngủ pijama tay ngắn mẫu mới nhất,99.000,75.000,"11,6k"
15,Áo thun UNDER Hà Nội 36 Phố Phường - UTS002,250.000,180.000,"47,9k"
16,Quần Baggy Nam Nữ Kẻ Caro PLAID Ống Suông Unisex - Kiểu quần ống rộng suông vải Plaid kẻ caro Leevin Store,198.000,109.000,"18,4k"
17,"Áo thun POLO nam cổ bẻ BASIC CVC vải cá sấu Cotton kháng khuẩn, chống nhăn, thoáng mát - HAPPYHOW",199.000,0,"45,4k"
18,"Áo Lót Nam Cotton Có Tay Mặc Ở Nhà , Áo Đông Xuân Nam Cộc Tay Bộ Đội Trắng Siêu Rẻ Siêu Đẹp",28.900,27.800,"19,7k"
19,Quần Kaki Nam Baggy Ống Suông Basic Unisex - Kiểu quần baggy nam ống rộng màu đen và be Leevin Store,258.000,139.000,"88,2k"
20,Áo Nịt Ngực Tomboy Sb Trans Không Viền Sale Giá Sốc,70.000,0,"6,3k"
21,"Áo thun cặp, áo đôi nam nữ tay lỡ form rộng ATL60",100.000,69.000,"7,6k"
22,Áo sơ mi nam nữ dài tay Unisex Basic TRƠN Form rộng màu trắng và đen Chất cotton lụa mịn mát Bigsize Leevin Store,210.000,119.000,29k
23,[9 MÀU] Tất Vớ Cổ Ngắn Nhiều Màu Chống Hôi Chân - Vani Store [TAT00042],6.900,0,"30,7k"
24,Quần short cartoon THE 1992 nhiều họa tiết,100.000,65.000,"47,1k"
25,Bộ Quần Áo Mặc Nhà Thể Thao Nam Mùa Hè Phong Cách Cao Cấp ZERO,300.000,165.000,"67,3k"
26,"Áo thun nam cổ tròn cotton Premium 5 màu mới trẻ trung, lịch lãm LEEVUS, BASIS AT04",210.000,129.000,"35,7k"
27,"Quần lót nam thun lạnh nhật bản, quần sịp đúc full 8 màu(hàng nhập khẩu)",59.000,37.000,"65,7k"
28,[CHE TÊN] Bản Nịt Ngực Tomboy Chất Lượng Cao,36.000,0,"6,3k"
29,Quần đùi nam thun cotton mặc ngủ thoải mái SEVEN BOXER (BIG SIZE),37.000,0,"40,4k"
30,Áo Hoodie Nỉ bông TRƠN màu Xám/Xám xanh UNISEX/Nam nữ unisex/ HOODIE TRƠN,159.000,0,12k
31,Combo 3 quần lót nam Trunk Modal (Gỗ sồi) kháng khuẩn thương hiệu Coolmate,279.000,189.000,34k
32,Quần thun đen ống rộng ống suông baggy nam nữ PHong cách unisex - vải co giãn tốt quần ulzzang,135.000,129.000,"22,9k"
33,CÀ VẠT NAM NỮ BẢN NHỎ 5CM - Cà vạt kỷ yếu học sinh sinh viên,13.750,0,"16,9k"
34,Bộ Quần Áo Nam Thể Thao Viền Tay Cao Cấp thời Trang ZERO,300.000,190.000,"29,2k"
35,"Áo thun nam tay dài TOMIJUN Giữ nhiệt thể thao nam co giãn, giữ ấm, màu sắc trẻ trung và năng động_ANT",48.000,33.000,"73,2k"
36,Quần ngủ nam nữ thun cotton mềm mát (45-90kg),33.000,0,"22,3k"
37,"Áo chống nắng nam nữ dày dặn cao cấp thấm hút mồ hôi, chống tia uv",110.000,0,"71,6k"
38,[Có VIDEO + ẢNH THẬT] Áo sweater Áo nỉ bông tay dài UNISEX NE346,130.000,0,"37,3k"
39,Tất vớ lười mắt cá chân nam nữ COMBO 5 ĐÔI cotton co giãn kháng khuẩn khử mùi thoáng khí,59.000,0,"27,3k"
40,Áo khoác blazer Nam Form Rộng MrHero dài tay vest dáng dài unisex màu đen nâu phong cách Hàn Quốc BZ01 M.RO,320.000,269.000,"23,4k"
41,Tất nam 10 đôi cổ ngắn T&T hàng Việt Nam xuất khẩu ngăn ngừa hôi chân,89.000,69.000,"33,7k"
42,Quần Đùi Nam vải Thun lạnh thể thao 2 túi khóa kéo vải dày co dãn 4 chiều có size Bự-QSTT012,79.000,45.000,"42,3k"
43,"Quần âu nam hàn quốc dáng baggy suông đen, kem vải dày dặn co giãn tốt thương hiệu JBAGY - JA0101",280.000,145.000,"137,2k"
44,"Quần lót đùi nam, quần sịp nam co giãn, mát màu đẹp NGẪU NHIÊN - OMAN- QL020",20.000,15.000,"59,1k"
45,"Hộp 4 chiếc sịp đùi thông hơi cao cấp dành cho nam, chất liệu mềm mịn bền đẹp thoáng mát.",200.000,110.000,"79,5k"
46,Áo sơ mi nam trơn vải kate lụa mịn LADOS - 25779 chất vải thấm hút tốt - Form chuẩn công sở,249.000,116.000,"31,6k"
47,"Quần lót nam thun lạnh nhật bản 8 màu cá tính full size 40 - 99kg, quần sịp nam su đúc không đường may, không viền",69.000,0,"17,5k"
48,"Áo chống nắng nam 2 lớp 3M Osaka, áo khoác chống nắng vải kim cương vải dày chống tia UV N2",298.000,185.000,"21,2k"
49,Quần lót nam hàng hiệu 4 chiều Dư xịn (có che tên SP ),47.000,0,"5,3k"
50,"Quần sịp đùi nam hàng cao cấp, quần sịp nam đẹp thoáng mát, co giãn đủ màu hàng loại 1 thương hiệu biluxurytuson",19.000,0,"59,9k"
51,"Quần Lót Nam Boxer Thun Lạnh ICON, Quần Sịp Nam thun lạnh ICON Demin Co dãn 4 chiều Loại 1 SI01 - MS66",39.000,25.000,"45,5k"
52,"Quần Thể Thao Nỉ 3 Sọc Cho Cả Nam và Nữ QT22(40-86kg) Form Chuẩn, Chất Dày Đẹp",119.000,72.000,"67,3k"
53,"Quần short,Quần ngố nam vải đũi (Loại Đẹp)",130.000,65.000,"46,4k"
54,Quần đùi nam quần short thể thao mặc nhà đi chơi đều đẹp phong cách cá tính giá rẻ MENKATO T31 núi,26.000,0,"63,2k"
55,Hộp 5 quần lót ĐÙI xuất Nhật,99.000,0,"47,8k"
56,Lố 10 đôi tất nam Zara Men cổ ngắn,60.000,35.000,"37,5k"
57,Khuyên tai nam G-dragon cực chất (1pcs) - Bim's House,15.000,0,"26,7k"
58,Áo lót nam có tay cotton 100% hàng CAO CẤP LOẠI 1 của công ty Hà Nội Simex mặc cực mát thoải mái AL1,40.500,29.500,8k
59,[ Free Ship ] Quần sịp quần lót nam thun lạnh doremon hàng hiệu,56.000,29.000,"34,6k"
